cell_id,rul_best_cycles,rul_likely_cycles,rul_worst_cycles,current_soh,trend_slope,top_driver,driver_importance_scores
cell_00,1398.1,605.9,341.0,94.94,-0.02466,cumulative_time_above_40C,"{'cumulative_time_above_40C': 0.8726, 'cumulative_cycle_count': 0.1206, 'charge_time': 0.0029, 'c_rate': 0.0017, 'internal_resistance_proxy': 0.0011, 'discharge_depth': 0.001}"
cell_01,558.1,558.1,327.7,88.36,-0.01498,cumulative_time_above_40C,"{'cumulative_time_above_40C': 0.8726, 'cumulative_cycle_count': 0.1206, 'charge_time': 0.0029, 'c_rate': 0.0017, 'internal_resistance_proxy': 0.0011, 'discharge_depth': 0.001}"
cell_02,76.8,58.0,35.3,82.11,-0.03635,cumulative_time_above_40C,"{'cumulative_time_above_40C': 0.8726, 'cumulative_cycle_count': 0.1206, 'charge_time': 0.0029, 'c_rate': 0.0017, 'internal_resistance_proxy': 0.0011, 'discharge_depth': 0.001}"
cell_03,5000.0,1449.8,1058.6,93.43,-0.00926,cumulative_time_above_40C,"{'cumulative_time_above_40C': 0.8726, 'cumulative_cycle_count': 0.1206, 'charge_time': 0.0029, 'c_rate': 0.0017, 'internal_resistance_proxy': 0.0011, 'discharge_depth': 0.001}"
cell_04,313.7,201.0,145.6,86.72,-0.03345,cumulative_time_above_40C,"{'cumulative_time_above_40C': 0.8726, 'cumulative_cycle_count': 0.1206, 'charge_time': 0.0029, 'c_rate': 0.0017, 'internal_resistance_proxy': 0.0011, 'discharge_depth': 0.001}"
cell_05,293.6,121.8,76.7,83.3,-0.0271,cumulative_time_above_40C,"{'cumulative_time_above_40C': 0.8726, 'cumulative_cycle_count': 0.1206, 'charge_time': 0.0029, 'c_rate': 0.0017, 'internal_resistance_proxy': 0.0011, 'discharge_depth': 0.001}"
cell_06,1121.5,774.1,238.5,93.44,-0.01737,cumulative_time_above_40C,"{'cumulative_time_above_40C': 0.8726, 'cumulative_cycle_count': 0.1206, 'charge_time': 0.0029, 'c_rate': 0.0017, 'internal_resistance_proxy': 0.0011, 'discharge_depth': 0.001}"
cell_07,279.2,236.9,176.3,87.13,-0.0301,cumulative_time_above_40C,"{'cumulative_time_above_40C': 0.8726, 'cumulative_cycle_count': 0.1206, 'charge_time': 0.0029, 'c_rate': 0.0017, 'internal_resistance_proxy': 0.0011, 'discharge_depth': 0.001}"
cell_08,161.4,94.7,63.1,82.58,-0.0272,cumulative_time_above_40C,"{'cumulative_time_above_40C': 0.8726, 'cumulative_cycle_count': 0.1206, 'charge_time': 0.0029, 'c_rate': 0.0017, 'internal_resistance_proxy': 0.0011, 'discharge_depth': 0.001}"
